tumor_id	amplicon_number	chrom1	pos1	chrom2	pos2
GINS-0025-1160-01AD	amplicon1	chr6	32471672	chr6	32528437
GINS-0026-0063-01AD	amplicon1	chr17	40458463	chr17	47655701
GINS-0008-0128-01AD	amplicon1	chr12	74766880	chr12	75694401
GINS-0008-0153-01AD	amplicon1	chr17	54274163	chr8	133140449
GINS-0026-0360-01AD	amplicon1	chr2	189778194	chr9	89499249
GINS-0026-0313-01AD	amplicon1	chr20	50578172	chr20	46675866
GINS-0025-1105-01AD	amplicon1	chr10	16078893	chr10	16069789
GINS-0008-0111-01AD	amplicon1	chr8	101786876	chr8	115401569
GINS-0037-0070-01AD	amplicon2	chr14	51678809	chr6	32309970
GINS-0025-0988-01AD	amplicon1	chr17	66269996	chr17	66268938
