tumor_id	CHROM1	POS1	SYMBOL1	CHROM2	POS2	SYMBOL2	CLASS	CT
GINS-0037-0027-01AD	chr1	46029960	MAST2	chr1	46031698	MAST2	DEL	3to5
GINS-0026-0051-01AD	chr10	8065923	GATA3	chr10	8145945		DUP	5to3
GINS-0037-0068-01AD	chr1	56669653	PRKAA2	chr1	56678199	PRKAA2	DUP	5to3
GINS-0026-0130-01AD	chr20	54508134	DOK5	chr1	77531815	AK5	TRA	5to5
GINS-0025-1087-01AD	chr13	82409138		chr11	69052786	TPCN2	TRA	5to3
GINS-0025-1113-01AD	chr14	26876308	MIR4307HG	chr14	26932441		DUP	5to3
GINS-0025-0015-01AD	chr10	73095754	P4HA1	chr10	73097266	P4HA1	INV	5to5
GINS-0025-1176-01AD	chr15	49102903		chr6	135367723	AHI1	TRA	3to3
GINS-0025-1460-01AD	chr7	98291746	BAIAP2L1	chr6	90198205	BACH2	TRA	5to3
GINS-0026-0019-01AD	chr20	51322253		chr20	55975361		DEL	3to5
